Date,Stock,Price
09/05/2023 01:45:55,AAPL,$173.5
09/05/2023 01:45:55,META,$233.27
09/05/2023 01:45:55,MSFT,$308.65
09/05/2023 01:45:55,NVDA,$291.51
09/05/2023 01:45:55,TSLA,$171.79
09/05/2023 01:55:51,AAPL,$173.5
09/05/2023 01:55:51,META,$233.27
09/05/2023 01:55:51,MSFT,$308.65
09/05/2023 01:55:51,NVDA,$291.51
09/05/2023 01:55:51,TSLA,$171.79
09/05/2023 02:21:34,AAPL,$173.5
09/05/2023 02:21:34,META,$233.27
09/05/2023 02:21:34,MSFT,$308.65
09/05/2023 02:21:34,NVDA,$291.51
09/05/2023 02:21:34,TSLA,$171.79
09/05/2023 02:38:15,AAPL,$173.5
09/05/2023 02:38:15,META,$233.27
09/05/2023 02:38:15,MSFT,$308.65
09/05/2023 02:38:15,NVDA,$291.51
09/05/2023 02:38:15,TSLA,$171.79
09/05/2023 02:52:17,AAPL,$173.5
09/05/2023 02:52:17,META,$233.27
09/05/2023 02:52:17,MSFT,$308.65
09/05/2023 02:52:17,NVDA,$291.51
09/05/2023 02:52:17,TSLA,$171.79
09/05/2023 03:14:48,AAPL,$173.5
09/05/2023 03:14:48,META,$233.27
09/05/2023 03:14:48,MSFT,$308.65
09/05/2023 03:14:48,NVDA,$291.51
09/05/2023 03:14:48,TSLA,$171.79
09/05/2023 03:26:47,AAPL,$173.5
09/05/2023 03:26:47,META,$233.27
09/05/2023 03:26:47,MSFT,$308.65
09/05/2023 03:26:47,NVDA,$291.51
09/05/2023 03:26:47,TSLA,$171.79
09/05/2023 03:38:39,AAPL,$173.5
09/05/2023 03:38:39,META,$233.27
09/05/2023 03:38:39,MSFT,$308.65
09/05/2023 03:38:39,NVDA,$291.51
09/05/2023 03:38:39,TSLA,$171.79
09/05/2023 03:52:28,AAPL,$173.5
09/05/2023 03:52:28,META,$233.27
09/05/2023 03:52:28,MSFT,$308.65
09/05/2023 03:52:28,NVDA,$291.51
09/05/2023 03:52:28,TSLA,$171.79
09/05/2023 04:20:04,AAPL,$173.5
09/05/2023 04:20:04,META,$233.27
09/05/2023 04:20:04,MSFT,$308.65
09/05/2023 04:20:04,NVDA,$291.51
09/05/2023 04:20:04,TSLA,$171.79
09/05/2023 04:37:52,AAPL,$173.5
09/05/2023 04:37:52,META,$233.27
09/05/2023 04:37:52,MSFT,$308.65
09/05/2023 04:37:52,NVDA,$291.51
09/05/2023 04:37:52,TSLA,$171.79
09/05/2023 04:52:22,AAPL,$173.5
09/05/2023 04:52:22,META,$233.27
09/05/2023 04:52:22,MSFT,$308.65
09/05/2023 04:52:22,NVDA,$291.51
09/05/2023 04:52:22,TSLA,$171.79
09/05/2023 05:16:07,AAPL,$173.5
09/05/2023 05:16:07,META,$233.27
09/05/2023 05:16:07,MSFT,$308.65
09/05/2023 05:16:07,NVDA,$291.51
09/05/2023 05:16:07,TSLA,$171.79
09/05/2023 05:37:31,AAPL,$173.5
09/05/2023 05:37:31,META,$233.27
09/05/2023 05:37:31,MSFT,$308.65
09/05/2023 05:37:31,NVDA,$291.51
09/05/2023 05:37:31,TSLA,$171.79
09/05/2023 05:52:24,AAPL,$173.5
09/05/2023 05:52:24,META,$233.27
09/05/2023 05:52:24,MSFT,$308.65
09/05/2023 05:52:24,NVDA,$291.51
09/05/2023 05:52:24,TSLA,$171.79
09/05/2023 06:18:12,AAPL,$173.5
09/05/2023 06:18:12,META,$233.27
09/05/2023 06:18:12,MSFT,$308.65
09/05/2023 06:18:12,NVDA,$291.51
09/05/2023 06:18:12,TSLA,$171.79
09/05/2023 06:37:26,AAPL,$173.5
09/05/2023 06:37:26,META,$233.27
09/05/2023 06:37:26,MSFT,$308.65
09/05/2023 06:37:26,NVDA,$291.51
09/05/2023 06:37:26,TSLA,$171.79
09/05/2023 06:52:22,AAPL,$173.5
09/05/2023 06:52:22,META,$233.27
09/05/2023 06:52:22,MSFT,$308.65
09/05/2023 06:52:22,NVDA,$291.51
09/05/2023 06:52:22,TSLA,$171.79
09/05/2023 07:13:38,AAPL,$173.5
09/05/2023 07:13:38,META,$233.27
09/05/2023 07:13:38,MSFT,$308.65
09/05/2023 07:13:38,NVDA,$291.51
09/05/2023 07:13:38,TSLA,$171.79
09/05/2023 07:25:48,AAPL,$173.5
09/05/2023 07:25:48,META,$233.27
09/05/2023 07:25:48,MSFT,$308.65
09/05/2023 07:25:48,NVDA,$291.51
09/05/2023 07:25:48,TSLA,$171.79
09/05/2023 08:50:23,AAPL,$173.5
09/05/2023 08:50:23,META,$233.27
09/05/2023 08:50:23,MSFT,$308.65
09/05/2023 08:50:23,NVDA,$291.51
09/05/2023 08:50:23,TSLA,$171.79
09/05/2023 09:29:07,AAPL,$173.5
09/05/2023 09:29:07,META,$233.27
09/05/2023 09:29:07,MSFT,$308.65
09/05/2023 09:29:07,NVDA,$291.51
09/05/2023 09:29:07,TSLA,$171.79
09/05/2023 09:46:07,AAPL,$172.78
09/05/2023 09:46:07,META,$232.59
09/05/2023 09:46:07,MSFT,$309.34
09/05/2023 09:46:07,NVDA,$286.99
09/05/2023 09:46:07,TSLA,$168.3547
09/05/2023 10:15:57,AAPL,$172.32
09/05/2023 10:15:57,META,$233.28
09/05/2023 10:15:57,MSFT,$308.925
09/05/2023 10:15:57,NVDA,$286.34
09/05/2023 10:15:57,TSLA,$168.1607
09/05/2023 10:37:22,AAPL,$172.18
09/05/2023 10:37:22,META,$232.995
09/05/2023 10:37:22,MSFT,$308.4442
09/05/2023 10:37:22,NVDA,$285.6485
09/05/2023 10:37:22,TSLA,$167.8599
09/05/2023 10:52:26,AAPL,$172.36
09/05/2023 10:52:26,META,$232.96
09/05/2023 10:52:26,MSFT,$308.46
09/05/2023 10:52:26,NVDA,$286.02
09/05/2023 10:52:26,TSLA,$167.96
09/05/2023 11:17:25,AAPL,$172.2783
09/05/2023 11:17:25,META,$232.55
09/05/2023 11:17:25,MSFT,$307.88
09/05/2023 11:17:25,NVDA,$285.34
09/05/2023 11:17:25,TSLA,$167.55
09/05/2023 11:37:24,AAPL,$172.215
09/05/2023 11:37:24,META,$232.77
09/05/2023 11:37:24,MSFT,$307.24
09/05/2023 11:37:24,NVDA,$285.46
09/05/2023 11:37:24,TSLA,$167.2
09/05/2023 11:52:35,AAPL,$172.07
09/05/2023 11:52:35,META,$233.205
09/05/2023 11:52:35,MSFT,$307.4193
09/05/2023 11:52:35,NVDA,$285.42
09/05/2023 11:52:35,TSLA,$167.135
09/05/2023 12:21:14,AAPL,$171.9876
09/05/2023 12:21:14,META,$232.69
09/05/2023 12:21:14,MSFT,$306.99
09/05/2023 12:21:14,NVDA,$285.34
09/05/2023 12:21:14,TSLA,$166.86
09/05/2023 12:40:10,AAPL,$172.147
09/05/2023 12:40:10,META,$233.49
09/05/2023 12:40:10,MSFT,$307.06
09/05/2023 12:40:10,NVDA,$285.82
09/05/2023 12:40:10,TSLA,$167.4195
09/05/2023 12:52:27,AAPL,$172.28
09/05/2023 12:52:27,META,$234.16
09/05/2023 12:52:27,MSFT,$307.57
09/05/2023 12:52:27,NVDA,$286.29
09/05/2023 12:52:27,TSLA,$167.22
09/05/2023 13:14:41,AAPL,$172.39
09/05/2023 13:14:41,META,$234.7
09/05/2023 13:14:41,MSFT,$307.9787
09/05/2023 13:14:41,NVDA,$286.39
09/05/2023 13:14:41,TSLA,$167.5318
09/05/2023 13:27:13,AAPL,$172.3
09/05/2023 13:27:13,META,$234.95
09/05/2023 13:27:13,MSFT,$308.1368
09/05/2023 13:27:13,NVDA,$285.785
09/05/2023 13:27:13,TSLA,$167.52
09/05/2023 13:39:20,AAPL,$172.14
09/05/2023 13:39:20,META,$234.975
09/05/2023 13:39:20,MSFT,$307.864
09/05/2023 13:39:20,NVDA,$285.8172
09/05/2023 13:39:20,TSLA,$167.42
09/05/2023 13:52:34,AAPL,$172.06
09/05/2023 13:52:34,META,$235.39
09/05/2023 13:52:34,MSFT,$307.91
09/05/2023 13:52:34,NVDA,$286.3054
09/05/2023 13:52:34,TSLA,$167.58
09/05/2023 14:20:47,AAPL,$172.245
09/05/2023 14:20:47,META,$235.63
09/05/2023 14:20:47,MSFT,$308.025
09/05/2023 14:20:47,NVDA,$287.1835
09/05/2023 14:20:47,TSLA,$168.23
09/05/2023 14:37:40,AAPL,$172.25
09/05/2023 14:37:40,META,$235.4822
09/05/2023 14:37:40,MSFT,$307.815
09/05/2023 14:37:40,NVDA,$287.48
09/05/2023 14:37:40,TSLA,$168.46
09/05/2023 14:52:42,AAPL,$172.1761
09/05/2023 14:52:42,META,$235.56
09/05/2023 14:52:42,MSFT,$307.29
09/05/2023 14:52:42,NVDA,$287.05
09/05/2023 14:52:42,TSLA,$168.405
09/05/2023 15:12:49,AAPL,$171.99
09/05/2023 15:12:49,META,$234.99
09/05/2023 15:12:49,MSFT,$306.78
09/05/2023 15:12:49,NVDA,$286.66
09/05/2023 15:12:49,TSLA,$168.5301
09/05/2023 15:24:49,AAPL,$171.97
09/05/2023 15:24:49,META,$234.41
09/05/2023 15:24:49,MSFT,$306.7301
09/05/2023 15:24:49,NVDA,$285.905
09/05/2023 15:24:49,TSLA,$168.49
09/05/2023 15:37:44,AAPL,$171.965
09/05/2023 15:37:44,META,$234.08
09/05/2023 15:37:44,MSFT,$306.605
09/05/2023 15:37:44,NVDA,$285.73
09/05/2023 15:37:44,TSLA,$168.92
09/05/2023 15:52:17,AAPL,$172.12
09/05/2023 15:52:17,META,$233.295
09/05/2023 15:52:17,MSFT,$306.93
09/05/2023 15:52:17,NVDA,$286.4
09/05/2023 15:52:17,TSLA,$169.024
09/05/2023 16:16:53,AAPL,$171.77
09/05/2023 16:16:53,META,$233.37
09/05/2023 16:16:53,MSFT,$307.0
09/05/2023 16:16:53,NVDA,$285.71
09/05/2023 16:16:53,TSLA,$169.15
09/05/2023 16:37:37,AAPL,$171.77
09/05/2023 16:37:37,META,$233.37
09/05/2023 16:37:37,MSFT,$307.0
09/05/2023 16:37:37,NVDA,$285.71
09/05/2023 16:37:37,TSLA,$169.15
09/05/2023 16:52:27,AAPL,$171.77
09/05/2023 16:52:27,META,$233.37
09/05/2023 16:52:27,MSFT,$307.0
09/05/2023 16:52:27,NVDA,$285.71
09/05/2023 16:52:27,TSLA,$169.15
09/05/2023 17:13:49,AAPL,$171.77
09/05/2023 17:13:49,META,$233.37
09/05/2023 17:13:49,MSFT,$307.0
09/05/2023 17:13:49,NVDA,$285.71
09/05/2023 17:13:49,TSLA,$169.15
09/05/2023 17:25:51,AAPL,$171.77
09/05/2023 17:25:51,META,$233.37
09/05/2023 17:25:51,MSFT,$307.0
09/05/2023 17:25:51,NVDA,$285.71
09/05/2023 17:25:51,TSLA,$169.15
09/05/2023 17:38:01,AAPL,$171.77
09/05/2023 17:38:01,META,$233.37
09/05/2023 17:38:01,MSFT,$307.0
09/05/2023 17:38:01,NVDA,$285.71
09/05/2023 17:38:01,TSLA,$169.15
09/05/2023 17:52:40,AAPL,$171.77
09/05/2023 17:52:40,META,$233.37
09/05/2023 17:52:40,MSFT,$307.0
09/05/2023 17:52:40,NVDA,$285.71
09/05/2023 17:52:40,TSLA,$169.15
09/05/2023 18:15:18,AAPL,$171.77
09/05/2023 18:15:18,META,$233.37
09/05/2023 18:15:18,MSFT,$307.0
09/05/2023 18:15:18,NVDA,$285.71
09/05/2023 18:15:18,TSLA,$169.15
09/05/2023 18:28:10,AAPL,$171.77
09/05/2023 18:28:10,META,$233.37
09/05/2023 18:28:10,MSFT,$307.0
09/05/2023 18:28:10,NVDA,$285.71
09/05/2023 18:28:10,TSLA,$169.15
09/05/2023 18:40:02,AAPL,$171.77
09/05/2023 18:40:02,META,$233.37
09/05/2023 18:40:02,MSFT,$307.0
09/05/2023 18:40:02,NVDA,$285.71
09/05/2023 18:40:02,TSLA,$169.15
09/05/2023 18:52:31,AAPL,$171.77
09/05/2023 18:52:31,META,$233.37
09/05/2023 18:52:31,MSFT,$307.0
09/05/2023 18:52:31,NVDA,$285.71
09/05/2023 18:52:31,TSLA,$169.15
09/05/2023 19:15:59,AAPL,$171.77
09/05/2023 19:15:59,META,$233.37
09/05/2023 19:15:59,MSFT,$307.0
09/05/2023 19:15:59,NVDA,$285.71
09/05/2023 19:15:59,TSLA,$169.15
09/05/2023 19:37:25,AAPL,$171.77
09/05/2023 19:37:25,META,$233.37
09/05/2023 19:37:25,MSFT,$307.0
09/05/2023 19:37:25,NVDA,$285.71
09/05/2023 19:37:25,TSLA,$169.15
09/05/2023 19:52:47,AAPL,$171.77
09/05/2023 19:52:47,META,$233.37
09/05/2023 19:52:47,MSFT,$307.0
09/05/2023 19:52:47,NVDA,$285.71
09/05/2023 19:52:47,TSLA,$169.15
09/05/2023 21:19:56,AAPL,$171.77
09/05/2023 21:19:56,META,$233.37
09/05/2023 21:19:56,MSFT,$307.0
09/05/2023 21:19:56,NVDA,$285.71
09/05/2023 21:19:56,TSLA,$169.15
09/05/2023 22:19:37,AAPL,$171.77
09/05/2023 22:19:37,META,$233.37
09/05/2023 22:19:37,MSFT,$307.0
09/05/2023 22:19:37,NVDA,$285.71
09/05/2023 22:19:37,TSLA,$169.15
09/05/2023 22:44:07,AAPL,$171.77
09/05/2023 22:44:07,META,$233.37
09/05/2023 22:44:07,MSFT,$307.0
09/05/2023 22:44:07,NVDA,$285.71
09/05/2023 22:44:07,TSLA,$169.15
09/05/2023 22:56:07,AAPL,$171.77
09/05/2023 22:56:07,META,$233.37
09/05/2023 22:56:07,MSFT,$307.0
09/05/2023 22:56:07,NVDA,$285.71
09/05/2023 22:56:07,TSLA,$169.15
09/05/2023 23:18:32,AAPL,$171.77
09/05/2023 23:18:32,META,$233.37
09/05/2023 23:18:32,MSFT,$307.0
09/05/2023 23:18:32,NVDA,$285.71
09/05/2023 23:18:32,TSLA,$169.15
09/05/2023 23:37:36,AAPL,$171.77
09/05/2023 23:37:36,META,$233.37
09/05/2023 23:37:36,MSFT,$307.0
09/05/2023 23:37:36,NVDA,$285.71
09/05/2023 23:37:36,TSLA,$169.15
09/05/2023 23:52:41,AAPL,$171.77
09/05/2023 23:52:41,META,$233.37
09/05/2023 23:52:41,MSFT,$307.0
09/05/2023 23:52:41,NVDA,$285.71
09/05/2023 23:52:41,TSLA,$169.15
10/05/2023 00:19:32,AAPL,$171.77
10/05/2023 00:19:32,META,$233.37
10/05/2023 00:19:32,MSFT,$307.0
10/05/2023 00:19:32,NVDA,$285.71
10/05/2023 00:19:32,TSLA,$169.15
10/05/2023 00:37:22,AAPL,$171.77
10/05/2023 00:37:22,META,$233.37
10/05/2023 00:37:22,MSFT,$307.0
10/05/2023 00:37:22,NVDA,$285.71
10/05/2023 00:37:22,TSLA,$169.15
10/05/2023 00:52:22,AAPL,$171.77
10/05/2023 00:52:22,META,$233.37
10/05/2023 00:52:22,MSFT,$307.0
10/05/2023 00:52:22,NVDA,$285.71
10/05/2023 00:52:22,TSLA,$169.15
10/05/2023 01:14:46,AAPL,$171.77
10/05/2023 01:14:46,META,$233.37
10/05/2023 01:14:46,MSFT,$307.0
10/05/2023 01:14:46,NVDA,$285.71
10/05/2023 01:14:46,TSLA,$169.15
10/05/2023 01:27:28,AAPL,$171.77
10/05/2023 01:27:28,META,$233.37
10/05/2023 01:27:28,MSFT,$307.0
10/05/2023 01:27:28,NVDA,$285.71
10/05/2023 01:27:28,TSLA,$169.15
10/05/2023 01:39:32,AAPL,$171.77
10/05/2023 01:39:32,META,$233.37
10/05/2023 01:39:32,MSFT,$307.0
10/05/2023 01:39:32,NVDA,$285.71
10/05/2023 01:39:32,TSLA,$169.15
10/05/2023 01:52:25,AAPL,$171.77
10/05/2023 01:52:25,META,$233.37
10/05/2023 01:52:25,MSFT,$307.0
10/05/2023 01:52:25,NVDA,$285.71
10/05/2023 01:52:25,TSLA,$169.15
10/05/2023 02:20:53,AAPL,$171.77
10/05/2023 02:20:53,META,$233.37
10/05/2023 02:20:53,MSFT,$307.0
10/05/2023 02:20:53,NVDA,$285.71
10/05/2023 02:20:53,TSLA,$169.15
10/05/2023 02:37:58,AAPL,$171.77
10/05/2023 02:37:58,META,$233.37
10/05/2023 02:37:58,MSFT,$307.0
10/05/2023 02:37:58,NVDA,$285.71
10/05/2023 02:37:58,TSLA,$169.15
10/05/2023 02:52:26,AAPL,$171.77
10/05/2023 02:52:26,META,$233.37
10/05/2023 02:52:26,MSFT,$307.0
10/05/2023 02:52:26,NVDA,$285.71
10/05/2023 02:52:26,TSLA,$169.15
10/05/2023 03:14:57,AAPL,$171.77
10/05/2023 03:14:57,META,$233.37
10/05/2023 03:14:57,MSFT,$307.0
10/05/2023 03:14:57,NVDA,$285.71
10/05/2023 03:14:57,TSLA,$169.15
10/05/2023 03:26:54,AAPL,$171.77
10/05/2023 03:26:54,META,$233.37
10/05/2023 03:26:54,MSFT,$307.0
10/05/2023 03:26:54,NVDA,$285.71
10/05/2023 03:26:54,TSLA,$169.15
10/05/2023 03:39:03,AAPL,$171.77
10/05/2023 03:39:03,META,$233.37
10/05/2023 03:39:03,MSFT,$307.0
10/05/2023 03:39:03,NVDA,$285.71
10/05/2023 03:39:03,TSLA,$169.15
10/05/2023 03:52:43,AAPL,$171.77
10/05/2023 03:52:43,META,$233.37
10/05/2023 03:52:43,MSFT,$307.0
10/05/2023 03:52:43,NVDA,$285.71
10/05/2023 03:52:43,TSLA,$169.15
10/05/2023 04:20:16,AAPL,$171.77
10/05/2023 04:20:16,META,$233.37
10/05/2023 04:20:16,MSFT,$307.0
10/05/2023 04:20:16,NVDA,$285.71
10/05/2023 04:20:16,TSLA,$169.15
10/05/2023 04:37:48,AAPL,$171.77
10/05/2023 04:37:48,META,$233.37
10/05/2023 04:37:48,MSFT,$307.0
10/05/2023 04:37:48,NVDA,$285.71
10/05/2023 04:37:48,TSLA,$169.15
10/05/2023 04:52:22,AAPL,$171.77
10/05/2023 04:52:22,META,$233.37
10/05/2023 04:52:22,MSFT,$307.0
10/05/2023 04:52:22,NVDA,$285.71
10/05/2023 04:52:22,TSLA,$169.15
10/05/2023 05:16:41,AAPL,$171.77
10/05/2023 05:16:41,META,$233.37
10/05/2023 05:16:41,MSFT,$307.0
10/05/2023 05:16:41,NVDA,$285.71
10/05/2023 05:16:41,TSLA,$169.15
10/05/2023 05:37:28,AAPL,$171.77
10/05/2023 05:37:28,META,$233.37
10/05/2023 05:37:28,MSFT,$307.0
10/05/2023 05:37:28,NVDA,$285.71
10/05/2023 05:37:28,TSLA,$169.15
10/05/2023 05:52:32,AAPL,$171.77
10/05/2023 05:52:32,META,$233.37
10/05/2023 05:52:32,MSFT,$307.0
10/05/2023 05:52:32,NVDA,$285.71
10/05/2023 05:52:32,TSLA,$169.15
10/05/2023 06:17:39,AAPL,$171.77
10/05/2023 06:17:39,META,$233.37
10/05/2023 06:17:39,MSFT,$307.0
10/05/2023 06:17:39,NVDA,$285.71
10/05/2023 06:17:39,TSLA,$169.15
10/05/2023 06:37:19,AAPL,$171.77
10/05/2023 06:37:19,META,$233.37
10/05/2023 06:37:19,MSFT,$307.0
10/05/2023 06:37:19,NVDA,$285.71
10/05/2023 06:37:19,TSLA,$169.15
10/05/2023 06:52:30,AAPL,$171.77
10/05/2023 06:52:30,META,$233.37
10/05/2023 06:52:30,MSFT,$307.0
10/05/2023 06:52:30,NVDA,$285.71
10/05/2023 06:52:30,TSLA,$169.15
10/05/2023 07:13:18,AAPL,$171.77
10/05/2023 07:13:18,META,$233.37
10/05/2023 07:13:18,MSFT,$307.0
10/05/2023 07:13:18,NVDA,$285.71
10/05/2023 07:13:18,TSLA,$169.15
10/05/2023 07:25:19,AAPL,$171.77
10/05/2023 07:25:19,META,$233.37
10/05/2023 07:25:19,MSFT,$307.0
10/05/2023 07:25:19,NVDA,$285.71
10/05/2023 07:25:19,TSLA,$169.15
10/05/2023 07:37:25,AAPL,$171.77
10/05/2023 07:37:25,META,$233.37
10/05/2023 07:37:25,MSFT,$307.0
10/05/2023 07:37:25,NVDA,$285.71
10/05/2023 07:37:25,TSLA,$169.15
10/05/2023 07:52:22,AAPL,$171.77
10/05/2023 07:52:22,META,$233.37
10/05/2023 07:52:22,MSFT,$307.0
10/05/2023 07:52:22,NVDA,$285.71
10/05/2023 07:52:22,TSLA,$169.15
10/05/2023 08:32:12,AAPL,$171.77
10/05/2023 08:32:12,META,$233.37
10/05/2023 08:32:12,MSFT,$307.0
10/05/2023 08:32:12,NVDA,$285.71
10/05/2023 08:32:12,TSLA,$169.15
10/05/2023 09:02:55,AAPL,$171.77
10/05/2023 09:02:55,META,$233.37
10/05/2023 09:02:55,MSFT,$307.0
10/05/2023 09:02:55,NVDA,$285.71
10/05/2023 09:02:55,TSLA,$169.15
10/05/2023 09:52:51,AAPL,$172.8353
10/05/2023 09:52:51,META,$235.01
10/05/2023 09:52:51,MSFT,$308.9
10/05/2023 09:52:51,NVDA,$288.11
10/05/2023 09:52:51,TSLA,$172.6405
10/05/2023 10:18:21,AAPL,$173.315
10/05/2023 10:18:21,META,$234.7298
10/05/2023 10:18:21,MSFT,$310.9805
10/05/2023 10:18:21,NVDA,$289.15
10/05/2023 10:18:21,TSLA,$173.4184
10/05/2023 10:45:11,AAPL,$172.6
10/05/2023 10:45:11,META,$232.45
10/05/2023 10:45:11,MSFT,$308.98
10/05/2023 10:45:11,NVDA,$288.155
10/05/2023 10:45:11,TSLA,$171.0538
10/05/2023 10:57:15,AAPL,$172.49
10/05/2023 10:57:15,META,$231.07
10/05/2023 10:57:15,MSFT,$309.61
10/05/2023 10:57:15,NVDA,$287.5711
10/05/2023 10:57:15,TSLA,$169.36
10/05/2023 11:20:20,AAPL,$172.94
10/05/2023 11:20:20,META,$232.8299
10/05/2023 11:20:20,MSFT,$310.22
10/05/2023 11:20:20,NVDA,$288.19
10/05/2023 11:20:20,TSLA,$169.17
10/05/2023 12:35:53,AAPL,$173.09
10/05/2023 12:35:53,META,$233.13
10/05/2023 12:35:53,MSFT,$310.545
10/05/2023 12:35:53,NVDA,$289.055
10/05/2023 12:35:53,TSLA,$168.835
10/05/2023 12:42:40,AAPL,$173.2301
10/05/2023 12:42:40,META,$233.54
10/05/2023 12:42:40,MSFT,$311.12
10/05/2023 12:42:40,NVDA,$289.305
10/05/2023 12:42:40,TSLA,$169.13
10/05/2023 12:54:23,AAPL,$172.9
10/05/2023 12:54:23,META,$232.7001
10/05/2023 12:54:23,MSFT,$310.355
10/05/2023 12:54:23,NVDA,$288.42
10/05/2023 12:54:23,TSLA,$169.2525
10/05/2023 13:15:42,AAPL,$172.78
10/05/2023 13:15:42,META,$233.12
10/05/2023 13:15:42,MSFT,$310.54
10/05/2023 13:15:42,NVDA,$286.885
10/05/2023 13:15:42,TSLA,$168.0814
10/05/2023 13:38:57,AAPL,$171.9288
10/05/2023 13:38:57,META,$231.59
10/05/2023 13:38:57,MSFT,$309.65
10/05/2023 13:38:57,NVDA,$285.11
10/05/2023 13:38:57,TSLA,$166.99
10/05/2023 14:25:02,AAPL,$172.67
10/05/2023 14:25:02,META,$232.91
10/05/2023 14:25:02,MSFT,$311.12
10/05/2023 14:25:02,NVDA,$287.9499
10/05/2023 14:25:02,TSLA,$168.1903
10/05/2023 14:41:20,AAPL,$172.88
10/05/2023 14:41:20,META,$233.3
10/05/2023 14:41:20,MSFT,$311.55
10/05/2023 14:41:20,NVDA,$287.78
10/05/2023 14:41:20,TSLA,$168.69
10/05/2023 15:26:59,AAPL,$173.76
10/05/2023 15:26:59,META,$234.33
10/05/2023 15:26:59,MSFT,$312.92
10/05/2023 15:26:59,NVDA,$289.86
10/05/2023 15:26:59,TSLA,$169.4002
10/05/2023 15:40:04,AAPL,$173.77
10/05/2023 15:40:04,META,$233.7874
10/05/2023 15:40:04,MSFT,$312.55
10/05/2023 15:40:04,NVDA,$289.94
10/05/2023 15:40:04,TSLA,$169.215
10/05/2023 15:52:54,AAPL,$173.395
10/05/2023 15:52:54,META,$233.13
10/05/2023 15:52:54,MSFT,$312.24
10/05/2023 15:52:54,NVDA,$289.0984
10/05/2023 15:52:54,TSLA,$168.51
10/05/2023 16:22:10,AAPL,$173.555
10/05/2023 16:22:10,META,$233.08
10/05/2023 16:22:10,MSFT,$312.31
10/05/2023 16:22:10,NVDA,$288.85
10/05/2023 16:22:10,TSLA,$168.54
10/05/2023 16:42:09,AAPL,$173.555
10/05/2023 16:42:09,META,$233.08
10/05/2023 16:42:09,MSFT,$312.31
10/05/2023 16:42:09,NVDA,$288.85
10/05/2023 16:42:09,TSLA,$168.54
10/05/2023 16:52:22,AAPL,$173.555
10/05/2023 16:52:22,META,$233.08
10/05/2023 16:52:22,MSFT,$312.31
10/05/2023 16:52:22,NVDA,$288.85
10/05/2023 16:52:22,TSLA,$168.54
10/05/2023 17:17:03,AAPL,$173.555
10/05/2023 17:17:03,META,$233.08
10/05/2023 17:17:03,MSFT,$312.31
10/05/2023 17:17:03,NVDA,$288.85
10/05/2023 17:17:03,TSLA,$168.54
10/05/2023 17:37:57,AAPL,$173.555
10/05/2023 17:37:57,META,$233.08
10/05/2023 17:37:57,MSFT,$312.31
10/05/2023 17:37:57,NVDA,$288.85
10/05/2023 17:37:57,TSLA,$168.54
10/05/2023 17:52:21,AAPL,$173.555
10/05/2023 17:52:21,META,$233.08
10/05/2023 17:52:21,MSFT,$312.31
10/05/2023 17:52:21,NVDA,$288.85
10/05/2023 17:52:21,TSLA,$168.54
10/05/2023 18:17:28,AAPL,$173.555
10/05/2023 18:17:28,META,$233.08
10/05/2023 18:17:28,MSFT,$312.31
10/05/2023 18:17:28,NVDA,$288.85
10/05/2023 18:17:28,TSLA,$168.54
10/05/2023 18:38:55,AAPL,$173.555
10/05/2023 18:38:55,META,$233.08
10/05/2023 18:38:55,MSFT,$312.31
10/05/2023 18:38:55,NVDA,$288.85
10/05/2023 18:38:55,TSLA,$168.54
10/05/2023 18:52:43,AAPL,$173.555
10/05/2023 18:52:43,META,$233.08
10/05/2023 18:52:43,MSFT,$312.31
10/05/2023 18:52:43,NVDA,$288.85
10/05/2023 18:52:43,TSLA,$168.54
10/05/2023 19:16:46,AAPL,$173.555
10/05/2023 19:16:46,META,$233.08
10/05/2023 19:16:46,MSFT,$312.31
10/05/2023 19:16:46,NVDA,$288.85
10/05/2023 19:16:46,TSLA,$168.54
10/05/2023 19:37:23,AAPL,$173.555
10/05/2023 19:37:23,META,$233.08
10/05/2023 19:37:23,MSFT,$312.31
10/05/2023 19:37:23,NVDA,$288.85
10/05/2023 19:37:23,TSLA,$168.54
10/05/2023 19:52:19,AAPL,$173.555
10/05/2023 19:52:19,META,$233.08
10/05/2023 19:52:19,MSFT,$312.31
10/05/2023 19:52:19,NVDA,$288.85
10/05/2023 19:52:19,TSLA,$168.54
10/05/2023 21:21:27,AAPL,$173.555
10/05/2023 21:21:27,META,$233.08
10/05/2023 21:21:27,MSFT,$312.31
10/05/2023 21:21:27,NVDA,$288.85
10/05/2023 21:21:27,TSLA,$168.54
10/05/2023 22:20:22,AAPL,$173.555
10/05/2023 22:20:22,META,$233.08
10/05/2023 22:20:22,MSFT,$312.31
10/05/2023 22:20:22,NVDA,$288.85
10/05/2023 22:20:22,TSLA,$168.54
10/05/2023 22:44:08,AAPL,$173.555
10/05/2023 22:44:08,META,$233.08
10/05/2023 22:44:08,MSFT,$312.31
10/05/2023 22:44:08,NVDA,$288.85
10/05/2023 22:44:08,TSLA,$168.54
10/05/2023 22:56:20,AAPL,$173.555
10/05/2023 22:56:20,META,$233.08
10/05/2023 22:56:20,MSFT,$312.31
10/05/2023 22:56:20,NVDA,$288.85
10/05/2023 22:56:20,TSLA,$168.54
10/05/2023 23:18:06,AAPL,$173.555
10/05/2023 23:18:06,META,$233.08
10/05/2023 23:18:06,MSFT,$312.31
10/05/2023 23:18:06,NVDA,$288.85
10/05/2023 23:18:06,TSLA,$168.54
10/05/2023 23:37:20,AAPL,$173.555
10/05/2023 23:37:20,META,$233.08
10/05/2023 23:37:20,MSFT,$312.31
10/05/2023 23:37:20,NVDA,$288.85
10/05/2023 23:37:20,TSLA,$168.54
10/05/2023 23:52:32,AAPL,$173.555
10/05/2023 23:52:32,META,$233.08
10/05/2023 23:52:32,MSFT,$312.31
10/05/2023 23:52:32,NVDA,$288.85
10/05/2023 23:52:32,TSLA,$168.54
11/05/2023 00:19:21,AAPL,$173.555
11/05/2023 00:19:21,META,$233.08
11/05/2023 00:19:21,MSFT,$312.31
11/05/2023 00:19:21,NVDA,$288.85
11/05/2023 00:19:21,TSLA,$168.54
11/05/2023 00:37:24,AAPL,$173.555
11/05/2023 00:37:24,META,$233.08
11/05/2023 00:37:24,MSFT,$312.31
11/05/2023 00:37:24,NVDA,$288.85
11/05/2023 00:37:24,TSLA,$168.54
11/05/2023 00:52:26,AAPL,$173.555
11/05/2023 00:52:26,META,$233.08
11/05/2023 00:52:26,MSFT,$312.31
11/05/2023 00:52:26,NVDA,$288.85
11/05/2023 00:52:26,TSLA,$168.54
11/05/2023 01:14:50,AAPL,$173.555
11/05/2023 01:14:50,META,$233.08
11/05/2023 01:14:50,MSFT,$312.31
11/05/2023 01:14:50,NVDA,$288.85
11/05/2023 01:14:50,TSLA,$168.54
11/05/2023 01:27:08,AAPL,$173.555
11/05/2023 01:27:08,META,$233.08
11/05/2023 01:27:08,MSFT,$312.31
11/05/2023 01:27:08,NVDA,$288.85
11/05/2023 01:27:08,TSLA,$168.54
11/05/2023 01:39:19,AAPL,$173.555
11/05/2023 01:39:19,META,$233.08
11/05/2023 01:39:19,MSFT,$312.31
11/05/2023 01:39:19,NVDA,$288.85
11/05/2023 01:39:19,TSLA,$168.54
11/05/2023 01:52:33,AAPL,$173.555
11/05/2023 01:52:33,META,$233.08
11/05/2023 01:52:33,MSFT,$312.31
11/05/2023 01:52:33,NVDA,$288.85
11/05/2023 01:52:33,TSLA,$168.54
11/05/2023 02:20:46,AAPL,$173.555
11/05/2023 02:20:46,META,$233.08
11/05/2023 02:20:46,MSFT,$312.31
11/05/2023 02:20:46,NVDA,$288.85
11/05/2023 02:20:46,TSLA,$168.54
11/05/2023 02:37:39,AAPL,$173.555
11/05/2023 02:37:39,META,$233.08
11/05/2023 02:37:39,MSFT,$312.31
11/05/2023 02:37:39,NVDA,$288.85
11/05/2023 02:37:39,TSLA,$168.54
11/05/2023 02:52:26,AAPL,$173.555
11/05/2023 02:52:26,META,$233.08
11/05/2023 02:52:26,MSFT,$312.31
11/05/2023 02:52:26,NVDA,$288.85
11/05/2023 02:52:26,TSLA,$168.54
11/05/2023 03:15:14,AAPL,$173.555
11/05/2023 03:15:14,META,$233.08
11/05/2023 03:15:14,MSFT,$312.31
11/05/2023 03:15:14,NVDA,$288.85
11/05/2023 03:15:14,TSLA,$168.54
11/05/2023 03:27:13,AAPL,$173.555
11/05/2023 03:27:13,META,$233.08
11/05/2023 03:27:13,MSFT,$312.31
11/05/2023 03:27:13,NVDA,$288.85
11/05/2023 03:27:13,TSLA,$168.54
11/05/2023 03:39:09,AAPL,$173.555
11/05/2023 03:39:09,META,$233.08
11/05/2023 03:39:09,MSFT,$312.31
11/05/2023 03:39:09,NVDA,$288.85
11/05/2023 03:39:09,TSLA,$168.54
11/05/2023 03:52:28,AAPL,$173.555
11/05/2023 03:52:28,META,$233.08
11/05/2023 03:52:28,MSFT,$312.31
11/05/2023 03:52:28,NVDA,$288.85
11/05/2023 03:52:28,TSLA,$168.54
11/05/2023 04:20:23,AAPL,$173.555
11/05/2023 04:20:23,META,$233.08
11/05/2023 04:20:23,MSFT,$312.31
11/05/2023 04:20:23,NVDA,$288.85
11/05/2023 04:20:23,TSLA,$168.54
11/05/2023 04:37:41,AAPL,$173.555
11/05/2023 04:37:41,META,$233.08
11/05/2023 04:37:41,MSFT,$312.31
11/05/2023 04:37:41,NVDA,$288.85
11/05/2023 04:37:41,TSLA,$168.54
11/05/2023 04:52:29,AAPL,$173.555
11/05/2023 04:52:29,META,$233.08
11/05/2023 04:52:29,MSFT,$312.31
11/05/2023 04:52:29,NVDA,$288.85
11/05/2023 04:52:29,TSLA,$168.54
11/05/2023 05:15:30,AAPL,$173.555
11/05/2023 05:15:30,META,$233.08
11/05/2023 05:15:30,MSFT,$312.31
11/05/2023 05:15:30,NVDA,$288.85
11/05/2023 05:15:30,TSLA,$168.54
11/05/2023 05:37:22,AAPL,$173.555
11/05/2023 05:37:22,META,$233.08
11/05/2023 05:37:22,MSFT,$312.31
11/05/2023 05:37:22,NVDA,$288.85
11/05/2023 05:37:22,TSLA,$168.54
11/05/2023 05:52:28,AAPL,$173.555
11/05/2023 05:52:28,META,$233.08
11/05/2023 05:52:28,MSFT,$312.31
11/05/2023 05:52:28,NVDA,$288.85
11/05/2023 05:52:28,TSLA,$168.54
11/05/2023 06:17:35,AAPL,$173.555
11/05/2023 06:17:35,META,$233.08
11/05/2023 06:17:35,MSFT,$312.31
11/05/2023 06:17:35,NVDA,$288.85
11/05/2023 06:17:35,TSLA,$168.54
11/05/2023 06:37:42,AAPL,$173.555
11/05/2023 06:37:42,META,$233.08
11/05/2023 06:37:42,MSFT,$312.31
11/05/2023 06:37:42,NVDA,$288.85
11/05/2023 06:37:42,TSLA,$168.54
11/05/2023 06:52:25,AAPL,$173.555
11/05/2023 06:52:25,META,$233.08
11/05/2023 06:52:25,MSFT,$312.31
11/05/2023 06:52:25,NVDA,$288.85
11/05/2023 06:52:25,TSLA,$168.54
11/05/2023 07:13:24,AAPL,$173.555
11/05/2023 07:13:24,META,$233.08
11/05/2023 07:13:24,MSFT,$312.31
11/05/2023 07:13:24,NVDA,$288.85
11/05/2023 07:13:24,TSLA,$168.54
11/05/2023 07:25:20,AAPL,$173.555
11/05/2023 07:25:20,META,$233.08
11/05/2023 07:25:20,MSFT,$312.31
11/05/2023 07:25:20,NVDA,$288.85
11/05/2023 07:25:20,TSLA,$168.54
11/05/2023 07:37:46,AAPL,$173.555
11/05/2023 07:37:46,META,$233.08
11/05/2023 07:37:46,MSFT,$312.31
11/05/2023 07:37:46,NVDA,$288.85
11/05/2023 07:37:46,TSLA,$168.54
11/05/2023 07:52:29,AAPL,$173.555
11/05/2023 07:52:29,META,$233.08
11/05/2023 07:52:29,MSFT,$312.31
11/05/2023 07:52:29,NVDA,$288.85
11/05/2023 07:52:29,TSLA,$168.54
11/05/2023 08:32:48,AAPL,$173.555
11/05/2023 08:32:48,META,$233.08
11/05/2023 08:32:48,MSFT,$312.31
11/05/2023 08:32:48,NVDA,$288.85
11/05/2023 08:32:48,TSLA,$168.54
11/05/2023 09:00:22,AAPL,$173.555
11/05/2023 09:00:22,META,$233.08
11/05/2023 09:00:22,MSFT,$312.31
11/05/2023 09:00:22,NVDA,$288.85
11/05/2023 09:00:22,TSLA,$168.54
11/05/2023 09:27:21,AAPL,$173.555
11/05/2023 09:27:21,META,$233.08
11/05/2023 09:27:21,MSFT,$312.31
11/05/2023 09:27:21,NVDA,$288.85
11/05/2023 09:27:21,TSLA,$168.54
11/05/2023 09:54:56,AAPL,$172.66
11/05/2023 09:54:56,META,$236.79
11/05/2023 09:54:56,MSFT,$307.31
11/05/2023 09:54:56,NVDA,$286.01
11/05/2023 09:54:56,TSLA,$167.7791
11/05/2023 10:15:09,AAPL,$172.58
11/05/2023 10:15:09,META,$236.18
11/05/2023 10:15:09,MSFT,$308.395
11/05/2023 10:15:09,NVDA,$285.11
11/05/2023 10:15:09,TSLA,$169.12
11/05/2023 10:28:48,AAPL,$172.595
11/05/2023 10:28:48,META,$236.53
11/05/2023 10:28:48,MSFT,$309.085
11/05/2023 10:28:48,NVDA,$285.49
11/05/2023 10:28:48,TSLA,$168.16
11/05/2023 10:40:52,AAPL,$172.695
11/05/2023 10:40:52,META,$235.47
11/05/2023 10:40:52,MSFT,$307.925
11/05/2023 10:40:52,NVDA,$283.4
11/05/2023 10:40:52,TSLA,$167.84
11/05/2023 10:52:47,AAPL,$173.0605
11/05/2023 10:52:47,META,$236.4
11/05/2023 10:52:47,MSFT,$308.97
11/05/2023 10:52:47,NVDA,$283.99
11/05/2023 10:52:47,TSLA,$168.3977
11/05/2023 11:17:15,AAPL,$173.37
11/05/2023 11:17:15,META,$237.3101
11/05/2023 11:17:15,MSFT,$309.87
11/05/2023 11:17:15,NVDA,$284.74
11/05/2023 11:17:15,TSLA,$168.44
11/05/2023 11:37:38,AAPL,$173.57
11/05/2023 11:37:38,META,$237.74
11/05/2023 11:37:38,MSFT,$310.03
11/05/2023 11:37:38,NVDA,$285.605
11/05/2023 11:37:38,TSLA,$169.2807
11/05/2023 11:52:34,AAPL,$173.3289
11/05/2023 11:52:34,META,$237.24
11/05/2023 11:52:34,MSFT,$309.32
11/05/2023 11:52:34,NVDA,$285.93
11/05/2023 11:52:34,TSLA,$169.463
11/05/2023 12:21:48,AAPL,$173.7399
11/05/2023 12:21:48,META,$237.49
11/05/2023 12:21:48,MSFT,$309.56
11/05/2023 12:21:48,NVDA,$286.81
11/05/2023 12:21:48,TSLA,$168.9601
11/05/2023 12:39:58,AAPL,$173.821
11/05/2023 12:39:58,META,$237.84
11/05/2023 12:39:58,MSFT,$309.85
11/05/2023 12:39:58,NVDA,$286.7012
11/05/2023 12:39:58,TSLA,$169.02
11/05/2023 12:52:28,AAPL,$173.845
11/05/2023 12:52:28,META,$237.825
11/05/2023 12:52:28,MSFT,$309.7811
11/05/2023 12:52:28,NVDA,$286.82
11/05/2023 12:52:28,TSLA,$169.37
11/05/2023 13:14:22,AAPL,$173.624
11/05/2023 13:14:22,META,$237.53
11/05/2023 13:14:22,MSFT,$308.97
11/05/2023 13:14:22,NVDA,$285.7454
11/05/2023 13:14:22,TSLA,$169.46
11/05/2023 13:26:46,AAPL,$173.455
11/05/2023 13:26:46,META,$237.57
11/05/2023 13:26:46,MSFT,$309.76
11/05/2023 13:26:46,NVDA,$285.45
11/05/2023 13:26:46,TSLA,$169.14
11/05/2023 13:38:34,AAPL,$173.6414
11/05/2023 13:38:34,META,$237.7
11/05/2023 13:38:34,MSFT,$309.86
11/05/2023 13:38:34,NVDA,$285.14
11/05/2023 13:38:34,TSLA,$169.14
11/05/2023 13:52:27,AAPL,$173.36
11/05/2023 13:52:27,META,$236.93
11/05/2023 13:52:27,MSFT,$309.26
11/05/2023 13:52:27,NVDA,$284.67
11/05/2023 13:52:27,TSLA,$168.9191
11/05/2023 14:19:45,AAPL,$173.895
11/05/2023 14:19:45,META,$237.04
11/05/2023 14:19:45,MSFT,$309.738
11/05/2023 14:19:45,NVDA,$285.38
11/05/2023 14:19:45,TSLA,$169.16
11/05/2023 14:37:26,AAPL,$174.16
11/05/2023 14:37:26,META,$237.01
11/05/2023 14:37:26,MSFT,$310.23
11/05/2023 14:37:26,NVDA,$286.0091
11/05/2023 14:37:26,TSLA,$169.6213
11/05/2023 14:52:39,AAPL,$174.3116
11/05/2023 14:52:39,META,$237.65
11/05/2023 14:52:39,MSFT,$310.45
11/05/2023 14:52:39,NVDA,$285.75
11/05/2023 14:52:39,TSLA,$169.955
11/05/2023 15:12:44,AAPL,$174.1469
11/05/2023 15:12:44,META,$237.11
11/05/2023 15:12:44,MSFT,$310.47
11/05/2023 15:12:44,NVDA,$286.17
11/05/2023 15:12:44,TSLA,$170.3001
11/05/2023 15:24:43,AAPL,$174.06
11/05/2023 15:24:43,META,$237.0
11/05/2023 15:24:43,MSFT,$310.215
11/05/2023 15:24:43,NVDA,$285.66
11/05/2023 15:24:43,TSLA,$170.2708
11/05/2023 15:37:22,AAPL,$173.96
11/05/2023 15:37:22,META,$236.44
11/05/2023 15:37:22,MSFT,$309.96
11/05/2023 15:37:22,NVDA,$285.36
11/05/2023 15:37:22,TSLA,$169.65
11/05/2023 15:52:24,AAPL,$173.74
11/05/2023 15:52:24,META,$235.96
11/05/2023 15:52:24,MSFT,$310.355
11/05/2023 15:52:24,NVDA,$285.5
11/05/2023 15:52:24,TSLA,$172.61
11/05/2023 16:16:54,AAPL,$173.75
11/05/2023 16:16:54,META,$235.79
11/05/2023 16:16:54,MSFT,$310.11
11/05/2023 16:16:54,NVDA,$285.78
11/05/2023 16:16:54,TSLA,$172.08
11/05/2023 16:37:33,AAPL,$173.75
11/05/2023 16:37:33,META,$235.79
11/05/2023 16:37:33,MSFT,$310.11
11/05/2023 16:37:33,NVDA,$285.78
11/05/2023 16:37:33,TSLA,$172.08
11/05/2023 16:52:33,AAPL,$173.75
11/05/2023 16:52:33,META,$235.79
11/05/2023 16:52:33,MSFT,$310.11
11/05/2023 16:52:33,NVDA,$285.78
11/05/2023 16:52:33,TSLA,$172.08
11/05/2023 17:14:04,AAPL,$173.75
11/05/2023 17:14:04,META,$235.79
11/05/2023 17:14:04,MSFT,$310.11
11/05/2023 17:14:04,NVDA,$285.78
11/05/2023 17:14:04,TSLA,$172.08
11/05/2023 17:26:11,AAPL,$173.75
11/05/2023 17:26:11,META,$235.79
11/05/2023 17:26:11,MSFT,$310.11
11/05/2023 17:26:11,NVDA,$285.78
11/05/2023 17:26:11,TSLA,$172.08
11/05/2023 17:38:05,AAPL,$173.75
11/05/2023 17:38:05,META,$235.79
11/05/2023 17:38:05,MSFT,$310.11
11/05/2023 17:38:05,NVDA,$285.78
11/05/2023 17:38:05,TSLA,$172.08
11/05/2023 17:52:27,AAPL,$173.75
11/05/2023 17:52:27,META,$235.79
11/05/2023 17:52:27,MSFT,$310.11
11/05/2023 17:52:27,NVDA,$285.78
11/05/2023 17:52:27,TSLA,$172.08
11/05/2023 18:14:47,AAPL,$173.75
11/05/2023 18:14:47,META,$235.79
11/05/2023 18:14:47,MSFT,$310.11
11/05/2023 18:14:47,NVDA,$285.78
11/05/2023 18:14:47,TSLA,$172.08
11/05/2023 18:27:44,AAPL,$173.75
11/05/2023 18:27:44,META,$235.79
11/05/2023 18:27:44,MSFT,$310.11
11/05/2023 18:27:44,NVDA,$285.78
11/05/2023 18:27:44,TSLA,$172.08
11/05/2023 18:39:40,AAPL,$173.75
11/05/2023 18:39:40,META,$235.79
11/05/2023 18:39:40,MSFT,$310.11
11/05/2023 18:39:40,NVDA,$285.78
11/05/2023 18:39:40,TSLA,$172.08
11/05/2023 18:52:26,AAPL,$173.75
11/05/2023 18:52:26,META,$235.79
11/05/2023 18:52:26,MSFT,$310.11
11/05/2023 18:52:26,NVDA,$285.78
11/05/2023 18:52:26,TSLA,$172.08
11/05/2023 19:16:40,AAPL,$173.75
11/05/2023 19:16:40,META,$235.79
11/05/2023 19:16:40,MSFT,$310.11
11/05/2023 19:16:40,NVDA,$285.78
11/05/2023 19:16:40,TSLA,$172.08
11/05/2023 19:37:26,AAPL,$173.75
11/05/2023 19:37:26,META,$235.79
11/05/2023 19:37:26,MSFT,$310.11
11/05/2023 19:37:26,NVDA,$285.78
11/05/2023 19:37:26,TSLA,$172.08
11/05/2023 19:52:16,AAPL,$173.75
11/05/2023 19:52:16,META,$235.79
11/05/2023 19:52:16,MSFT,$310.11
11/05/2023 19:52:16,NVDA,$285.78
11/05/2023 19:52:16,TSLA,$172.08
11/05/2023 21:20:56,AAPL,$173.75
11/05/2023 21:20:56,META,$235.79
11/05/2023 21:20:56,MSFT,$310.11
11/05/2023 21:20:56,NVDA,$285.78
11/05/2023 21:20:56,TSLA,$172.08
11/05/2023 22:18:31,AAPL,$173.75
11/05/2023 22:18:31,META,$235.79
11/05/2023 22:18:31,MSFT,$310.11
11/05/2023 22:18:31,NVDA,$285.78
11/05/2023 22:18:31,TSLA,$172.08
11/05/2023 22:43:12,AAPL,$173.75
11/05/2023 22:43:12,META,$235.79
11/05/2023 22:43:12,MSFT,$310.11
11/05/2023 22:43:12,NVDA,$285.78
11/05/2023 22:43:12,TSLA,$172.08
11/05/2023 22:55:07,AAPL,$173.75
11/05/2023 22:55:07,META,$235.79
11/05/2023 22:55:07,MSFT,$310.11
11/05/2023 22:55:07,NVDA,$285.78
11/05/2023 22:55:07,TSLA,$172.08
11/05/2023 23:17:15,AAPL,$173.75
11/05/2023 23:17:15,META,$235.79
11/05/2023 23:17:15,MSFT,$310.11
11/05/2023 23:17:15,NVDA,$285.78
11/05/2023 23:17:15,TSLA,$172.08
11/05/2023 23:37:31,AAPL,$173.75
11/05/2023 23:37:31,META,$235.79
11/05/2023 23:37:31,MSFT,$310.11
11/05/2023 23:37:31,NVDA,$285.78
11/05/2023 23:37:31,TSLA,$172.08
11/05/2023 23:52:27,AAPL,$173.75
11/05/2023 23:52:27,META,$235.79
11/05/2023 23:52:27,MSFT,$310.11
11/05/2023 23:52:27,NVDA,$285.78
11/05/2023 23:52:27,TSLA,$172.08
12/05/2023 00:19:13,AAPL,$173.75
12/05/2023 00:19:13,META,$235.79
12/05/2023 00:19:13,MSFT,$310.11
12/05/2023 00:19:13,NVDA,$285.78
12/05/2023 00:19:13,TSLA,$172.08
12/05/2023 00:37:29,AAPL,$173.75
12/05/2023 00:37:29,META,$235.79
12/05/2023 00:37:29,MSFT,$310.11
12/05/2023 00:37:29,NVDA,$285.78
12/05/2023 00:37:29,TSLA,$172.08
12/05/2023 00:52:27,AAPL,$173.75
12/05/2023 00:52:27,META,$235.79
12/05/2023 00:52:27,MSFT,$310.11
12/05/2023 00:52:27,NVDA,$285.78
12/05/2023 00:52:27,TSLA,$172.08
12/05/2023 01:15:08,AAPL,$173.75
12/05/2023 01:15:08,META,$235.79
12/05/2023 01:15:08,MSFT,$310.11
12/05/2023 01:15:08,NVDA,$285.78
12/05/2023 01:15:08,TSLA,$172.08
12/05/2023 01:27:46,AAPL,$173.75
12/05/2023 01:27:46,META,$235.79
12/05/2023 01:27:46,MSFT,$310.11
12/05/2023 01:27:46,NVDA,$285.78
12/05/2023 01:27:46,TSLA,$172.08
12/05/2023 01:39:40,AAPL,$173.75
12/05/2023 01:39:40,META,$235.79
12/05/2023 01:39:40,MSFT,$310.11
12/05/2023 01:39:40,NVDA,$285.78
12/05/2023 01:39:40,TSLA,$172.08
12/05/2023 01:52:33,AAPL,$173.75
12/05/2023 01:52:33,META,$235.79
12/05/2023 01:52:33,MSFT,$310.11
12/05/2023 01:52:33,NVDA,$285.78
12/05/2023 01:52:33,TSLA,$172.08
12/05/2023 02:20:37,AAPL,$173.75
12/05/2023 02:20:37,META,$235.79
12/05/2023 02:20:37,MSFT,$310.11
12/05/2023 02:20:37,NVDA,$285.78
12/05/2023 02:20:37,TSLA,$172.08
12/05/2023 02:37:37,AAPL,$173.75
12/05/2023 02:37:37,META,$235.79
12/05/2023 02:37:37,MSFT,$310.11
12/05/2023 02:37:37,NVDA,$285.78
12/05/2023 02:37:37,TSLA,$172.08
12/05/2023 02:52:22,AAPL,$173.75
12/05/2023 02:52:22,META,$235.79
12/05/2023 02:52:22,MSFT,$310.11
12/05/2023 02:52:22,NVDA,$285.78
12/05/2023 02:52:22,TSLA,$172.08
12/05/2023 03:14:43,AAPL,$173.75
12/05/2023 03:14:43,META,$235.79
12/05/2023 03:14:43,MSFT,$310.11
12/05/2023 03:14:43,NVDA,$285.78
12/05/2023 03:14:43,TSLA,$172.08
12/05/2023 03:26:37,AAPL,$173.75
12/05/2023 03:26:37,META,$235.79
12/05/2023 03:26:37,MSFT,$310.11
12/05/2023 03:26:37,NVDA,$285.78
12/05/2023 03:26:37,TSLA,$172.08
12/05/2023 03:38:37,AAPL,$173.75
12/05/2023 03:38:37,META,$235.79
12/05/2023 03:38:37,MSFT,$310.11
12/05/2023 03:38:37,NVDA,$285.78
12/05/2023 03:38:37,TSLA,$172.08
12/05/2023 03:52:38,AAPL,$173.75
12/05/2023 03:52:38,META,$235.79
12/05/2023 03:52:38,MSFT,$310.11
12/05/2023 03:52:38,NVDA,$285.78
12/05/2023 03:52:38,TSLA,$172.08
12/05/2023 04:19:35,AAPL,$173.75
12/05/2023 04:19:35,META,$235.79
12/05/2023 04:19:35,MSFT,$310.11
12/05/2023 04:19:35,NVDA,$285.78
12/05/2023 04:19:35,TSLA,$172.08
12/05/2023 04:37:28,AAPL,$173.75
12/05/2023 04:37:28,META,$235.79
12/05/2023 04:37:28,MSFT,$310.11
12/05/2023 04:37:28,NVDA,$285.78
12/05/2023 04:37:28,TSLA,$172.08
12/05/2023 04:52:23,AAPL,$173.75
12/05/2023 04:52:23,META,$235.79
12/05/2023 04:52:23,MSFT,$310.11
12/05/2023 04:52:23,NVDA,$285.78
12/05/2023 04:52:23,TSLA,$172.08
12/05/2023 05:15:40,AAPL,$173.75
12/05/2023 05:15:40,META,$235.79
12/05/2023 05:15:40,MSFT,$310.11
12/05/2023 05:15:40,NVDA,$285.78
12/05/2023 05:15:40,TSLA,$172.08
12/05/2023 05:37:45,AAPL,$173.75
12/05/2023 05:37:45,META,$235.79
12/05/2023 05:37:45,MSFT,$310.11
12/05/2023 05:37:45,NVDA,$285.78
12/05/2023 05:37:45,TSLA,$172.08
12/05/2023 05:52:20,AAPL,$173.75
12/05/2023 05:52:20,META,$235.79
12/05/2023 05:52:20,MSFT,$310.11
12/05/2023 05:52:20,NVDA,$285.78
12/05/2023 05:52:20,TSLA,$172.08
12/05/2023 06:17:09,AAPL,$173.75
12/05/2023 06:17:09,META,$235.79
12/05/2023 06:17:09,MSFT,$310.11
12/05/2023 06:17:09,NVDA,$285.78
12/05/2023 06:17:09,TSLA,$172.08
12/05/2023 06:37:38,AAPL,$173.75
12/05/2023 06:37:38,META,$235.79
12/05/2023 06:37:38,MSFT,$310.11
12/05/2023 06:37:38,NVDA,$285.78
12/05/2023 06:37:38,TSLA,$172.08
12/05/2023 06:52:29,AAPL,$173.75
12/05/2023 06:52:29,META,$235.79
12/05/2023 06:52:29,MSFT,$310.11
12/05/2023 06:52:29,NVDA,$285.78
12/05/2023 06:52:29,TSLA,$172.08
12/05/2023 07:13:01,AAPL,$173.75
12/05/2023 07:13:01,META,$235.79
12/05/2023 07:13:01,MSFT,$310.11
12/05/2023 07:13:01,NVDA,$285.78
12/05/2023 07:13:01,TSLA,$172.08
12/05/2023 07:25:05,AAPL,$173.75
12/05/2023 07:25:05,META,$235.79
12/05/2023 07:25:05,MSFT,$310.11
12/05/2023 07:25:05,NVDA,$285.78
12/05/2023 07:25:05,TSLA,$172.08
12/05/2023 07:37:23,AAPL,$173.75
12/05/2023 07:37:23,META,$235.79
12/05/2023 07:37:23,MSFT,$310.11
12/05/2023 07:37:23,NVDA,$285.78
12/05/2023 07:37:23,TSLA,$172.08
12/05/2023 07:52:21,AAPL,$173.75
12/05/2023 07:52:21,META,$235.79
12/05/2023 07:52:21,MSFT,$310.11
12/05/2023 07:52:21,NVDA,$285.78
12/05/2023 07:52:21,TSLA,$172.08
12/05/2023 08:30:40,AAPL,$173.75
12/05/2023 08:30:40,META,$235.79
12/05/2023 08:30:40,MSFT,$310.11
12/05/2023 08:30:40,NVDA,$285.78
12/05/2023 08:30:40,TSLA,$172.08
12/05/2023 08:58:54,AAPL,$173.75
12/05/2023 08:58:54,META,$235.79
12/05/2023 08:58:54,MSFT,$310.11
12/05/2023 08:58:54,NVDA,$285.78
12/05/2023 08:58:54,TSLA,$172.08
12/05/2023 09:22:08,AAPL,$173.75
12/05/2023 09:22:08,META,$235.79
12/05/2023 09:22:08,MSFT,$310.11
12/05/2023 09:22:08,NVDA,$285.78
12/05/2023 09:22:08,TSLA,$172.08
12/05/2023 09:37:25,AAPL,$173.69
12/05/2023 09:37:25,META,$235.87
12/05/2023 09:37:25,MSFT,$309.36
12/05/2023 09:37:25,NVDA,$287.4561
12/05/2023 09:37:25,TSLA,$176.375
12/05/2023 09:52:32,AAPL,$173.3
12/05/2023 09:52:32,META,$234.57
12/05/2023 09:52:32,MSFT,$308.44
12/05/2023 09:52:32,NVDA,$286.1
12/05/2023 09:52:32,TSLA,$176.97
12/05/2023 10:14:21,AAPL,$172.705
12/05/2023 10:14:21,META,$234.03
12/05/2023 10:14:21,MSFT,$308.125
12/05/2023 10:14:21,NVDA,$283.97
12/05/2023 10:14:21,TSLA,$174.12
12/05/2023 10:27:12,AAPL,$172.765
12/05/2023 10:27:12,META,$234.86
12/05/2023 10:27:12,MSFT,$307.9899
12/05/2023 10:27:12,NVDA,$284.125
12/05/2023 10:27:12,TSLA,$173.015
12/05/2023 10:39:08,AAPL,$172.6313
12/05/2023 10:39:08,META,$234.91
12/05/2023 10:39:08,MSFT,$307.43
12/05/2023 10:39:08,NVDA,$283.25
12/05/2023 10:39:08,TSLA,$172.418
12/05/2023 10:52:24,AAPL,$172.7
12/05/2023 10:52:24,META,$234.0737
12/05/2023 10:52:24,MSFT,$308.28
12/05/2023 10:52:24,NVDA,$283.38
12/05/2023 10:52:24,TSLA,$172.88
12/05/2023 11:16:19,AAPL,$172.4
12/05/2023 11:16:19,META,$233.8964
12/05/2023 11:16:19,MSFT,$307.6
12/05/2023 11:16:19,NVDA,$282.91
12/05/2023 11:16:19,TSLA,$171.23
12/05/2023 11:37:30,AAPL,$172.42
12/05/2023 11:37:30,META,$233.67
12/05/2023 11:37:30,MSFT,$307.88
12/05/2023 11:37:30,NVDA,$282.3288
12/05/2023 11:37:30,TSLA,$168.949
12/05/2023 11:52:20,AAPL,$172.4
12/05/2023 11:52:20,META,$233.73
12/05/2023 11:52:20,MSFT,$308.01
12/05/2023 11:52:20,NVDA,$282.7229
12/05/2023 11:52:20,TSLA,$169.565
12/05/2023 12:20:45,AAPL,$172.04
12/05/2023 12:20:45,META,$233.1
12/05/2023 12:20:45,MSFT,$307.79
12/05/2023 12:20:45,NVDA,$281.5501
12/05/2023 12:20:45,TSLA,$168.3886
12/05/2023 12:39:29,AAPL,$171.9595
12/05/2023 12:39:29,META,$232.34
12/05/2023 12:39:29,MSFT,$307.6001
12/05/2023 12:39:29,NVDA,$280.85
12/05/2023 12:39:29,TSLA,$168.22
12/05/2023 12:52:41,AAPL,$171.635
12/05/2023 12:52:41,META,$231.89
12/05/2023 12:52:41,MSFT,$306.98
12/05/2023 12:52:41,NVDA,$281.355
12/05/2023 12:52:41,TSLA,$167.91
12/05/2023 13:14:05,AAPL,$171.59
12/05/2023 13:14:05,META,$232.32
12/05/2023 13:14:05,MSFT,$307.687
12/05/2023 13:14:05,NVDA,$282.32
12/05/2023 13:14:05,TSLA,$168.13
12/05/2023 13:26:08,AAPL,$171.8599
12/05/2023 13:26:08,META,$232.44
12/05/2023 13:26:08,MSFT,$308.18
12/05/2023 13:26:08,NVDA,$282.73
12/05/2023 13:26:08,TSLA,$168.395
12/05/2023 13:38:26,AAPL,$171.62
12/05/2023 13:38:26,META,$232.54
12/05/2023 13:38:26,MSFT,$307.75
12/05/2023 13:38:26,NVDA,$282.34
12/05/2023 13:38:26,TSLA,$168.095
12/05/2023 13:52:29,AAPL,$171.55
12/05/2023 13:52:29,META,$232.48
12/05/2023 13:52:29,MSFT,$307.53
12/05/2023 13:52:29,NVDA,$282.06
12/05/2023 13:52:29,TSLA,$168.19
12/05/2023 14:19:30,AAPL,$171.12
12/05/2023 14:19:30,META,$231.98
12/05/2023 14:19:30,MSFT,$307.05
12/05/2023 14:19:30,NVDA,$281.605
12/05/2023 14:19:30,TSLA,$167.965
12/05/2023 14:37:24,AAPL,$171.4124
12/05/2023 14:37:24,META,$232.485
12/05/2023 14:37:24,MSFT,$307.09
12/05/2023 14:37:24,NVDA,$281.8
12/05/2023 14:37:24,TSLA,$167.75
12/05/2023 14:52:21,AAPL,$171.64
12/05/2023 14:52:21,META,$232.7621
12/05/2023 14:52:21,MSFT,$307.67
12/05/2023 14:52:21,NVDA,$281.85
12/05/2023 14:52:21,TSLA,$167.8899
12/05/2023 15:12:48,AAPL,$171.81
12/05/2023 15:12:48,META,$232.63
12/05/2023 15:12:48,MSFT,$307.88
12/05/2023 15:12:48,NVDA,$282.29
12/05/2023 15:12:48,TSLA,$168.36
12/05/2023 15:24:38,AAPL,$171.91
12/05/2023 15:24:38,META,$232.52
12/05/2023 15:24:38,MSFT,$307.935
12/05/2023 15:24:38,NVDA,$282.455
12/05/2023 15:24:38,TSLA,$168.48
12/05/2023 15:37:38,AAPL,$172.07
12/05/2023 15:37:38,META,$233.27
12/05/2023 15:37:38,MSFT,$308.24
12/05/2023 15:37:38,NVDA,$282.67
12/05/2023 15:37:38,TSLA,$168.33
12/05/2023 15:52:29,AAPL,$172.54
12/05/2023 15:52:29,META,$233.31
12/05/2023 15:52:29,MSFT,$308.96
12/05/2023 15:52:29,NVDA,$283.05
12/05/2023 15:52:29,TSLA,$167.7
12/05/2023 16:16:35,AAPL,$172.57
12/05/2023 16:16:35,META,$233.81
12/05/2023 16:16:35,MSFT,$308.97
12/05/2023 16:16:35,NVDA,$283.4
12/05/2023 16:16:35,TSLA,$167.98
12/05/2023 16:37:24,AAPL,$172.57
12/05/2023 16:37:24,META,$233.81
12/05/2023 16:37:24,MSFT,$308.97
12/05/2023 16:37:24,NVDA,$283.4
12/05/2023 16:37:24,TSLA,$167.98
12/05/2023 16:52:26,AAPL,$172.57
12/05/2023 16:52:26,META,$233.81
12/05/2023 16:52:26,MSFT,$308.97
12/05/2023 16:52:26,NVDA,$283.4
12/05/2023 16:52:26,TSLA,$167.98
12/05/2023 17:13:20,AAPL,$172.57
12/05/2023 17:13:20,META,$233.81
12/05/2023 17:13:20,MSFT,$308.97
12/05/2023 17:13:20,NVDA,$283.4
12/05/2023 17:13:20,TSLA,$167.98
12/05/2023 17:25:22,AAPL,$172.57
12/05/2023 17:25:22,META,$233.81
12/05/2023 17:25:22,MSFT,$308.97
12/05/2023 17:25:22,NVDA,$283.4
12/05/2023 17:25:22,TSLA,$167.98
12/05/2023 17:37:43,AAPL,$172.57
12/05/2023 17:37:43,META,$233.81
12/05/2023 17:37:43,MSFT,$308.97
12/05/2023 17:37:43,NVDA,$283.4
12/05/2023 17:37:43,TSLA,$167.98
12/05/2023 17:52:35,AAPL,$172.57
12/05/2023 17:52:35,META,$233.81
12/05/2023 17:52:35,MSFT,$308.97
12/05/2023 17:52:35,NVDA,$283.4
12/05/2023 17:52:35,TSLA,$167.98
12/05/2023 18:15:12,AAPL,$172.57
12/05/2023 18:15:12,META,$233.81
12/05/2023 18:15:12,MSFT,$308.97
12/05/2023 18:15:12,NVDA,$283.4
12/05/2023 18:15:12,TSLA,$167.98
12/05/2023 18:28:03,AAPL,$172.57
12/05/2023 18:28:03,META,$233.81
12/05/2023 18:28:03,MSFT,$308.97
12/05/2023 18:28:03,NVDA,$283.4
12/05/2023 18:28:03,TSLA,$167.98
12/05/2023 18:40:13,AAPL,$172.57
12/05/2023 18:40:13,META,$233.81
12/05/2023 18:40:13,MSFT,$308.97
12/05/2023 18:40:13,NVDA,$283.4
12/05/2023 18:40:13,TSLA,$167.98
12/05/2023 18:52:25,AAPL,$172.57
12/05/2023 18:52:25,META,$233.81
12/05/2023 18:52:25,MSFT,$308.97
12/05/2023 18:52:25,NVDA,$283.4
12/05/2023 18:52:25,TSLA,$167.98
12/05/2023 19:15:06,AAPL,$172.57
12/05/2023 19:15:06,META,$233.81
12/05/2023 19:15:06,MSFT,$308.97
12/05/2023 19:15:06,NVDA,$283.4
12/05/2023 19:15:06,TSLA,$167.98
12/05/2023 19:27:16,AAPL,$172.57
12/05/2023 19:27:16,META,$233.81
12/05/2023 19:27:16,MSFT,$308.97
12/05/2023 19:27:16,NVDA,$283.4
12/05/2023 19:27:16,TSLA,$167.98
12/05/2023 19:39:30,AAPL,$172.57
12/05/2023 19:39:30,META,$233.81
12/05/2023 19:39:30,MSFT,$308.97
12/05/2023 19:39:30,NVDA,$283.4
12/05/2023 19:39:30,TSLA,$167.98
12/05/2023 19:52:23,AAPL,$172.57
12/05/2023 19:52:23,META,$233.81
12/05/2023 19:52:23,MSFT,$308.97
12/05/2023 19:52:23,NVDA,$283.4
12/05/2023 19:52:23,TSLA,$167.98
12/05/2023 21:19:24,AAPL,$172.57
12/05/2023 21:19:24,META,$233.81
12/05/2023 21:19:24,MSFT,$308.97
12/05/2023 21:19:24,NVDA,$283.4
12/05/2023 21:19:24,TSLA,$167.98
12/05/2023 22:18:21,AAPL,$172.57
12/05/2023 22:18:21,META,$233.81
12/05/2023 22:18:21,MSFT,$308.97
12/05/2023 22:18:21,NVDA,$283.4
12/05/2023 22:18:21,TSLA,$167.98
12/05/2023 22:42:25,AAPL,$172.57
12/05/2023 22:42:25,META,$233.81
12/05/2023 22:42:25,MSFT,$308.97
12/05/2023 22:42:25,NVDA,$283.4
12/05/2023 22:42:25,TSLA,$167.98
12/05/2023 22:54:24,AAPL,$172.57
12/05/2023 22:54:24,META,$233.81
12/05/2023 22:54:24,MSFT,$308.97
12/05/2023 22:54:24,NVDA,$283.4
12/05/2023 22:54:24,TSLA,$167.98
12/05/2023 23:16:29,AAPL,$172.57
12/05/2023 23:16:29,META,$233.81
12/05/2023 23:16:29,MSFT,$308.97
12/05/2023 23:16:29,NVDA,$283.4
12/05/2023 23:16:29,TSLA,$167.98
12/05/2023 23:37:19,AAPL,$172.57
12/05/2023 23:37:19,META,$233.81
12/05/2023 23:37:19,MSFT,$308.97
12/05/2023 23:37:19,NVDA,$283.4
12/05/2023 23:37:19,TSLA,$167.98
12/05/2023 23:52:40,AAPL,$172.57
12/05/2023 23:52:40,META,$233.81
12/05/2023 23:52:40,MSFT,$308.97
12/05/2023 23:52:40,NVDA,$283.4
12/05/2023 23:52:40,TSLA,$167.98
13/05/2023 00:18:54,AAPL,$172.57
13/05/2023 00:18:54,META,$233.81
13/05/2023 00:18:54,MSFT,$308.97
13/05/2023 00:18:54,NVDA,$283.4
13/05/2023 00:18:54,TSLA,$167.98
13/05/2023 00:37:29,AAPL,$172.57
13/05/2023 00:37:29,META,$233.81
13/05/2023 00:37:29,MSFT,$308.97
13/05/2023 00:37:29,NVDA,$283.4
13/05/2023 00:37:29,TSLA,$167.98
13/05/2023 00:52:24,AAPL,$172.57
13/05/2023 00:52:24,META,$233.81
13/05/2023 00:52:24,MSFT,$308.97
13/05/2023 00:52:24,NVDA,$283.4
13/05/2023 00:52:24,TSLA,$167.98
13/05/2023 01:14:29,AAPL,$172.57
13/05/2023 01:14:29,META,$233.81
13/05/2023 01:14:29,MSFT,$308.97
13/05/2023 01:14:29,NVDA,$283.4
13/05/2023 01:14:29,TSLA,$167.98
13/05/2023 01:26:54,AAPL,$172.57
13/05/2023 01:26:54,META,$233.81
13/05/2023 01:26:54,MSFT,$308.97
13/05/2023 01:26:54,NVDA,$283.4
13/05/2023 01:26:54,TSLA,$167.98
13/05/2023 01:38:49,AAPL,$172.57
13/05/2023 01:38:49,META,$233.81
13/05/2023 01:38:49,MSFT,$308.97
13/05/2023 01:38:49,NVDA,$283.4
13/05/2023 01:38:49,TSLA,$167.98
13/05/2023 01:52:22,AAPL,$172.57
13/05/2023 01:52:22,META,$233.81
13/05/2023 01:52:22,MSFT,$308.97
13/05/2023 01:52:22,NVDA,$283.4
13/05/2023 01:52:22,TSLA,$167.98
13/05/2023 02:19:55,AAPL,$172.57
13/05/2023 02:19:55,META,$233.81
13/05/2023 02:19:55,MSFT,$308.97
13/05/2023 02:19:55,NVDA,$283.4
13/05/2023 02:19:55,TSLA,$167.98
13/05/2023 02:37:48,AAPL,$172.57
13/05/2023 02:37:48,META,$233.81
13/05/2023 02:37:48,MSFT,$308.97
13/05/2023 02:37:48,NVDA,$283.4
13/05/2023 02:37:48,TSLA,$167.98
13/05/2023 02:52:27,AAPL,$172.57
13/05/2023 02:52:27,META,$233.81
13/05/2023 02:52:27,MSFT,$308.97
13/05/2023 02:52:27,NVDA,$283.4
13/05/2023 02:52:27,TSLA,$167.98
13/05/2023 03:14:09,AAPL,$172.57
13/05/2023 03:14:09,META,$233.81
13/05/2023 03:14:09,MSFT,$308.97
13/05/2023 03:14:09,NVDA,$283.4
13/05/2023 03:14:09,TSLA,$167.98
13/05/2023 03:26:02,AAPL,$172.57
13/05/2023 03:26:02,META,$233.81
13/05/2023 03:26:02,MSFT,$308.97
13/05/2023 03:26:02,NVDA,$283.4
13/05/2023 03:26:02,TSLA,$167.98
13/05/2023 03:38:09,AAPL,$172.57
13/05/2023 03:38:09,META,$233.81
13/05/2023 03:38:09,MSFT,$308.97
13/05/2023 03:38:09,NVDA,$283.4
13/05/2023 03:38:09,TSLA,$167.98
13/05/2023 03:52:29,AAPL,$172.57
13/05/2023 03:52:29,META,$233.81
13/05/2023 03:52:29,MSFT,$308.97
13/05/2023 03:52:29,NVDA,$283.4
13/05/2023 03:52:29,TSLA,$167.98
13/05/2023 04:18:47,AAPL,$172.57
13/05/2023 04:18:47,META,$233.81
13/05/2023 04:18:47,MSFT,$308.97
13/05/2023 04:18:47,NVDA,$283.4
13/05/2023 04:18:47,TSLA,$167.98
13/05/2023 04:37:28,AAPL,$172.57
13/05/2023 04:37:28,META,$233.81
13/05/2023 04:37:28,MSFT,$308.97
13/05/2023 04:37:28,NVDA,$283.4
13/05/2023 04:37:28,TSLA,$167.98
13/05/2023 04:52:34,AAPL,$172.57
13/05/2023 04:52:34,META,$233.81
13/05/2023 04:52:34,MSFT,$308.97
13/05/2023 04:52:34,NVDA,$283.4
13/05/2023 04:52:34,TSLA,$167.98
13/05/2023 05:14:21,AAPL,$172.57
13/05/2023 05:14:21,META,$233.81
13/05/2023 05:14:21,MSFT,$308.97
13/05/2023 05:14:21,NVDA,$283.4
13/05/2023 05:14:21,TSLA,$167.98
13/05/2023 05:26:07,AAPL,$172.57
13/05/2023 05:26:07,META,$233.81
13/05/2023 05:26:07,MSFT,$308.97
13/05/2023 05:26:07,NVDA,$283.4
13/05/2023 05:26:07,TSLA,$167.98
13/05/2023 05:38:09,AAPL,$172.57
13/05/2023 05:38:09,META,$233.81
13/05/2023 05:38:09,MSFT,$308.97
13/05/2023 05:38:09,NVDA,$283.4
13/05/2023 05:38:09,TSLA,$167.98
13/05/2023 05:52:27,AAPL,$172.57
13/05/2023 05:52:27,META,$233.81
13/05/2023 05:52:27,MSFT,$308.97
13/05/2023 05:52:27,NVDA,$283.4
13/05/2023 05:52:27,TSLA,$167.98
13/05/2023 06:16:05,AAPL,$172.57
13/05/2023 06:16:05,META,$233.81
13/05/2023 06:16:05,MSFT,$308.97
13/05/2023 06:16:05,NVDA,$283.4
13/05/2023 06:16:05,TSLA,$167.98
13/05/2023 06:37:39,AAPL,$172.57
13/05/2023 06:37:39,META,$233.81
13/05/2023 06:37:39,MSFT,$308.97
13/05/2023 06:37:39,NVDA,$283.4
13/05/2023 06:37:39,TSLA,$167.98
13/05/2023 06:52:20,AAPL,$172.57
13/05/2023 06:52:20,META,$233.81
13/05/2023 06:52:20,MSFT,$308.97
13/05/2023 06:52:20,NVDA,$283.4
13/05/2023 06:52:20,TSLA,$167.98
13/05/2023 07:12:37,AAPL,$172.57
13/05/2023 07:12:37,META,$233.81
13/05/2023 07:12:37,MSFT,$308.97
13/05/2023 07:12:37,NVDA,$283.4
13/05/2023 07:12:37,TSLA,$167.98
13/05/2023 07:24:35,AAPL,$172.57
13/05/2023 07:24:35,META,$233.81
13/05/2023 07:24:35,MSFT,$308.97
13/05/2023 07:24:35,NVDA,$283.4
13/05/2023 07:24:35,TSLA,$167.98
13/05/2023 07:37:24,AAPL,$172.57
13/05/2023 07:37:24,META,$233.81
13/05/2023 07:37:24,MSFT,$308.97
13/05/2023 07:37:24,NVDA,$283.4
13/05/2023 07:37:24,TSLA,$167.98
13/05/2023 07:52:18,AAPL,$172.57
13/05/2023 07:52:18,META,$233.81
13/05/2023 07:52:18,MSFT,$308.97
13/05/2023 07:52:18,NVDA,$283.4
13/05/2023 07:52:18,TSLA,$167.98
13/05/2023 08:28:59,AAPL,$172.57
13/05/2023 08:28:59,META,$233.81
13/05/2023 08:28:59,MSFT,$308.97
13/05/2023 08:28:59,NVDA,$283.4
13/05/2023 08:28:59,TSLA,$167.98
13/05/2023 08:50:45,AAPL,$172.57
13/05/2023 08:50:45,META,$233.81
13/05/2023 08:50:45,MSFT,$308.97
13/05/2023 08:50:45,NVDA,$283.4
13/05/2023 08:50:45,TSLA,$167.98
13/05/2023 09:17:00,AAPL,$172.57
13/05/2023 09:17:00,META,$233.81
13/05/2023 09:17:00,MSFT,$308.97
13/05/2023 09:17:00,NVDA,$283.4
13/05/2023 09:17:00,TSLA,$167.98
13/05/2023 09:37:21,AAPL,$172.57
13/05/2023 09:37:21,META,$233.81
13/05/2023 09:37:21,MSFT,$308.97
13/05/2023 09:37:21,NVDA,$283.4
13/05/2023 09:37:21,TSLA,$167.98
13/05/2023 09:52:23,AAPL,$172.57
13/05/2023 09:52:23,META,$233.81
13/05/2023 09:52:23,MSFT,$308.97
13/05/2023 09:52:23,NVDA,$283.4
13/05/2023 09:52:23,TSLA,$167.98
13/05/2023 10:13:05,AAPL,$172.57
13/05/2023 10:13:05,META,$233.81
13/05/2023 10:13:05,MSFT,$308.97
13/05/2023 10:13:05,NVDA,$283.4
13/05/2023 10:13:05,TSLA,$167.98
13/05/2023 10:25:13,AAPL,$172.57
13/05/2023 10:25:13,META,$233.81
13/05/2023 10:25:13,MSFT,$308.97
13/05/2023 10:25:13,NVDA,$283.4
13/05/2023 10:25:13,TSLA,$167.98
13/05/2023 10:37:31,AAPL,$172.57
13/05/2023 10:37:31,META,$233.81
13/05/2023 10:37:31,MSFT,$308.97
13/05/2023 10:37:31,NVDA,$283.4
13/05/2023 10:37:31,TSLA,$167.98
13/05/2023 10:52:23,AAPL,$172.57
13/05/2023 10:52:23,META,$233.81
13/05/2023 10:52:23,MSFT,$308.97
13/05/2023 10:52:23,NVDA,$283.4
13/05/2023 10:52:23,TSLA,$167.98
13/05/2023 11:15:05,AAPL,$172.57
13/05/2023 11:15:05,META,$233.81
13/05/2023 11:15:05,MSFT,$308.97
13/05/2023 11:15:05,NVDA,$283.4
13/05/2023 11:15:05,TSLA,$167.98
13/05/2023 11:27:06,AAPL,$172.57
13/05/2023 11:27:06,META,$233.81
13/05/2023 11:27:06,MSFT,$308.97
13/05/2023 11:27:06,NVDA,$283.4
13/05/2023 11:27:06,TSLA,$167.98
13/05/2023 11:38:59,AAPL,$172.57
13/05/2023 11:38:59,META,$233.81
13/05/2023 11:38:59,MSFT,$308.97
13/05/2023 11:38:59,NVDA,$283.4
13/05/2023 11:38:59,TSLA,$167.98
13/05/2023 11:52:37,AAPL,$172.57
13/05/2023 11:52:37,META,$233.81
13/05/2023 11:52:37,MSFT,$308.97
13/05/2023 11:52:37,NVDA,$283.4
13/05/2023 11:52:37,TSLA,$167.98
13/05/2023 12:19:45,AAPL,$172.57
13/05/2023 12:19:45,META,$233.81
13/05/2023 12:19:45,MSFT,$308.97
13/05/2023 12:19:45,NVDA,$283.4
13/05/2023 12:19:45,TSLA,$167.98
13/05/2023 12:38:23,AAPL,$172.57
13/05/2023 12:38:23,META,$233.81
13/05/2023 12:38:23,MSFT,$308.97
13/05/2023 12:38:23,NVDA,$283.4
13/05/2023 12:38:23,TSLA,$167.98
13/05/2023 12:52:30,AAPL,$172.57
13/05/2023 12:52:30,META,$233.81
13/05/2023 12:52:30,MSFT,$308.97
13/05/2023 12:52:30,NVDA,$283.4
13/05/2023 12:52:30,TSLA,$167.98
13/05/2023 13:16:04,AAPL,$172.57
13/05/2023 13:16:04,META,$233.81
13/05/2023 13:16:04,MSFT,$308.97
13/05/2023 13:16:04,NVDA,$283.4
13/05/2023 13:16:04,TSLA,$167.98
13/05/2023 13:37:29,AAPL,$172.57
13/05/2023 13:37:29,META,$233.81
13/05/2023 13:37:29,MSFT,$308.97
13/05/2023 13:37:29,NVDA,$283.4
13/05/2023 13:37:29,TSLA,$167.98
13/05/2023 13:52:28,AAPL,$172.57
13/05/2023 13:52:28,META,$233.81
13/05/2023 13:52:28,MSFT,$308.97
13/05/2023 13:52:28,NVDA,$283.4
13/05/2023 13:52:28,TSLA,$167.98
13/05/2023 14:18:55,AAPL,$172.57
13/05/2023 14:18:55,META,$233.81
13/05/2023 14:18:55,MSFT,$308.97
13/05/2023 14:18:55,NVDA,$283.4
13/05/2023 14:18:55,TSLA,$167.98
13/05/2023 14:37:24,AAPL,$172.57
13/05/2023 14:37:24,META,$233.81
13/05/2023 14:37:24,MSFT,$308.97
13/05/2023 14:37:24,NVDA,$283.4
13/05/2023 14:37:24,TSLA,$167.98
13/05/2023 14:52:30,AAPL,$172.57
13/05/2023 14:52:30,META,$233.81
13/05/2023 14:52:30,MSFT,$308.97
13/05/2023 14:52:30,NVDA,$283.4
13/05/2023 14:52:30,TSLA,$167.98
13/05/2023 15:11:56,AAPL,$172.57
13/05/2023 15:11:56,META,$233.81
13/05/2023 15:11:56,MSFT,$308.97
13/05/2023 15:11:56,NVDA,$283.4
13/05/2023 15:11:56,TSLA,$167.98
13/05/2023 15:23:58,AAPL,$172.57
13/05/2023 15:23:58,META,$233.81
13/05/2023 15:23:58,MSFT,$308.97
13/05/2023 15:23:58,NVDA,$283.4
13/05/2023 15:23:58,TSLA,$167.98
13/05/2023 15:37:40,AAPL,$172.57
13/05/2023 15:37:40,META,$233.81
13/05/2023 15:37:40,MSFT,$308.97
13/05/2023 15:37:40,NVDA,$283.4
13/05/2023 15:37:40,TSLA,$167.98
13/05/2023 15:52:36,AAPL,$172.57
13/05/2023 15:52:36,META,$233.81
13/05/2023 15:52:36,MSFT,$308.97
13/05/2023 15:52:36,NVDA,$283.4
13/05/2023 15:52:36,TSLA,$167.98
13/05/2023 16:16:18,AAPL,$172.57
13/05/2023 16:16:18,META,$233.81
13/05/2023 16:16:18,MSFT,$308.97
13/05/2023 16:16:18,NVDA,$283.4
13/05/2023 16:16:18,TSLA,$167.98
13/05/2023 16:37:34,AAPL,$172.57
13/05/2023 16:37:34,META,$233.81
13/05/2023 16:37:34,MSFT,$308.97
13/05/2023 16:37:34,NVDA,$283.4
13/05/2023 16:37:34,TSLA,$167.98
13/05/2023 16:52:24,AAPL,$172.57
13/05/2023 16:52:24,META,$233.81
13/05/2023 16:52:24,MSFT,$308.97
13/05/2023 16:52:24,NVDA,$283.4
13/05/2023 16:52:24,TSLA,$167.98
13/05/2023 17:12:48,AAPL,$172.57
13/05/2023 17:12:48,META,$233.81
13/05/2023 17:12:48,MSFT,$308.97
13/05/2023 17:12:48,NVDA,$283.4
13/05/2023 17:12:48,TSLA,$167.98
13/05/2023 17:24:49,AAPL,$172.57
13/05/2023 17:24:49,META,$233.81
13/05/2023 17:24:49,MSFT,$308.97
13/05/2023 17:24:49,NVDA,$283.4
13/05/2023 17:24:49,TSLA,$167.98
13/05/2023 17:37:38,AAPL,$172.57
13/05/2023 17:37:38,META,$233.81
13/05/2023 17:37:38,MSFT,$308.97
13/05/2023 17:37:38,NVDA,$283.4
13/05/2023 17:37:38,TSLA,$167.98
13/05/2023 17:52:26,AAPL,$172.57
13/05/2023 17:52:26,META,$233.81
13/05/2023 17:52:26,MSFT,$308.97
13/05/2023 17:52:26,NVDA,$283.4
13/05/2023 17:52:26,TSLA,$167.98
13/05/2023 18:14:31,AAPL,$172.57
13/05/2023 18:14:31,META,$233.81
13/05/2023 18:14:31,MSFT,$308.97
13/05/2023 18:14:31,NVDA,$283.4
13/05/2023 18:14:31,TSLA,$167.98
13/05/2023 18:27:08,AAPL,$172.57
13/05/2023 18:27:08,META,$233.81
13/05/2023 18:27:08,MSFT,$308.97
13/05/2023 18:27:08,NVDA,$283.4
13/05/2023 18:27:08,TSLA,$167.98
13/05/2023 18:39:01,AAPL,$172.57
13/05/2023 18:39:01,META,$233.81
13/05/2023 18:39:01,MSFT,$308.97
13/05/2023 18:39:01,NVDA,$283.4
13/05/2023 18:39:01,TSLA,$167.98
13/05/2023 18:52:24,AAPL,$172.57
13/05/2023 18:52:24,META,$233.81
13/05/2023 18:52:24,MSFT,$308.97
13/05/2023 18:52:24,NVDA,$283.4
13/05/2023 18:52:24,TSLA,$167.98
